{"access_token": "ya29.a0AfH6SMCgL9Ll0MJrycER57qMvxUZZSi2E0c79D_R4Qo4BXCSELzH7htifsAiHkVyHpLEixd6WPJAa0I5S4rtfbBSIyUKFCziT-jeMvzlKFWiAsnItZ0yl1MPu8K4ZsQ_wmdAGxRNcgQr-aSufqv7vEi45UU7NohpDkHT", "client_id": "751625118599-7re4i4q82ok57c8j5tem78uip5t5ctut.apps.googleusercontent.com", "client_secret": "BdlFE0Tk7VtQDcMSihvv92iE", "refresh_token": "1//0gzs-V4cDS1tRCgYIARAAGBASNwF-L9IrgqgBNw5sjsS48czd7WjNGVKaKPORmwgQBTOWLfHdSPxCZtPHYQuD_eeDcrt72ZFR8U0", "token_expiry": "2020-05-23T09:02:31Z", "token_uri": "https://oauth2.googleapis.com/token", "user_agent": null, "revoke_uri": "https://oauth2.googleapis.com/revoke", "id_token": null, "id_token_jwt": null, "token_response": {"access_token": "ya29.a0AfH6SMCgL9Ll0MJrycER57qMvxUZZSi2E0c79D_R4Qo4BXCSELzH7htifsAiHkVyHpLEixd6WPJAa0I5S4rtfbBSIyUKFCziT-jeMvzlKFWiAsnItZ0yl1MPu8K4ZsQ_wmdAGxRNcgQr-aSufqv7vEi45UU7NohpDkHT", "expires_in": 3599, "scope": "https://www.googleapis.com/auth/calendar", "token_type": "Bearer"}, "scopes": ["https://www.googleapis.com/auth/calendar"], "token_info_uri": "https://oauth2.googleapis.com/tokeninfo", "invalid": false, "_class": "OAuth2Credentials", "_module": "oauth2client.client"}